acc,f1_macro,precise_macro,recall_macro,f1_weighted,precise_weighted,recall_weighted,f1_positive,f1_negative,f1_ambiguous,precise_positive,precise_negative,precise_ambiguous,recall_positive,recall_negative,recall_ambiguous,tr_positive,tr_negative,tr_ambiguous
0.5294401,0.6351140243035353,0.572436194552286,0.7197690082725509,0.6713334937186417,0.6176203057669154,0.7415325486428057,0.7442508710801393,0.6427782162588793,0.5183129855715871,0.7185467593630859,0.5602641717116126,0.4384976525821596,0.7718622018790653,0.7537948907811921,0.6336499321573948,0.38933408,0.34677774,0.23867315
0.5305965,0.6359720865616539,0.5728742568378661,0.717952304828844,0.6715186270407593,0.6128246543805852,0.7462166706701898,0.7439745338790359,0.6415449835138954,0.5223967422920304,0.7044133476856835,0.556979280261723,0.45723014256619143,0.7882437966754999,0.7563865235098112,0.6092265943012212,0.37297127,0.34405747,0.27892774
