acc,f1_macro,precise_macro,recall_macro,f1_weighted,precise_weighted,recall_weighted,f1_positive_se,f1_negative_se,f1_ambiguous_se,precise_positive_se,precise_negative_se,precise_ambiguous_se,recall_positive_se,recall_negative_se,recall_ambiguous_se,tr_positive_se,tr_negative_se,tr_ambiguous_se
0.5314638,0.6809213582114308,0.6341705765767186,0.7425103709713131,0.6862869693996643,0.6462323068533398,0.7376665466330573,0.7431781701444623,0.6383887702166615,0.6611971342731685,0.7090352220520674,0.5429535426940046,0.6505229649840837,0.7807757166947723,0.7745279526101444,0.6722274436090225,0.3933306,0.32032993,0.3822348
0.52211624,0.6864157976076775,0.6308670019678652,0.7551567829155593,0.6921130013193021,0.6401104901894106,0.7553114872164206,0.7445073612684031,0.6417957635156497,0.6729442680389796,0.7025005343022013,0.56,0.6301004716013943,0.7918573837629487,0.7515734912995187,0.7220394736842105,0.36692268,0.3435013,0.3576711
0.5195143,0.6877131645701956,0.6295202459472132,0.760762139488472,0.6933325262673704,0.6389616449068735,0.7602628736046093,0.7444709084722695,0.6437392527747382,0.6749293324635789,0.7033861980282897,0.5570887445887446,0.6280857952246054,0.7906528547337991,0.7623102554609404,0.7293233082706767,0.37647855,0.32333106,0.35938594
