acc,f1_macro,precise_macro,recall_macro,f1_weighted,precise_weighted,recall_weighted,f1_anger_ek,f1_disgust_ek,f1_fear_ek,f1_joy_ek,f1_sadness_ek,f1_surprise_ek,f1_neutral_ek,precise_anger_ek,precise_disgust_ek,precise_fear_ek,precise_joy_ek,precise_sadness_ek,precise_surprise_ek,precise_neutral_ek,recall_anger_ek,recall_disgust_ek,recall_fear_ek,recall_joy_ek,recall_sadness_ek,recall_surprise_ek,recall_neutral_ek,tr_anger_ek,tr_disgust_ek,tr_fear_ek,tr_joy_ek,tr_sadness_ek,tr_surprise_ek,tr_neutral_ek
0.39953744,0.4907941255200423,0.4514413230070409,0.5706825671223876,0.587831055822643,0.5423797863877389,0.6524153737658674,0.4874874874874875,0.2753950338600451,0.4205128205128205,0.7430071926018951,0.4596959926301243,0.5153203342618385,0.5341400172860847,0.3933764135702746,0.1897356143079315,0.5125,0.7061631944444444,0.406682966585167,0.4371455576559546,0.5144855144855145,0.6407894736842106,0.5020576131687243,0.3565217391304348,0.7839074921705613,0.5286016949152542,0.6275440976933514,0.5553558590941768,0.2512981,0.11905356,0.40268984,0.37338585,0.24374783,0.24839997,0.31166947
0.42247277,0.5038009262621462,0.4575814237563998,0.5637186520719755,0.5905375503641419,0.5478221911204849,0.6441290550070522,0.4904749127984975,0.3256637168141593,0.4555984555984556,0.7442336098170663,0.4590799031476998,0.5187319884726225,0.5328238971865231,0.4141368373357499,0.2857142857142857,0.4097222222222222,0.7043010752688172,0.4228367528991971,0.4509018036072144,0.5154569892473119,0.6013157894736842,0.3786008230452675,0.5130434782608696,0.7889665140929897,0.5021186440677966,0.6105834464043419,0.5514018691588785,0.28940907,0.20063685,0.2395529,0.37726873,0.28946933,0.2636126,0.31655353
0.41755807,0.5046442434514731,0.457914188821813,0.5660088036564779,0.5906390103884763,0.5453691193053292,0.6484485190409027,0.49031258072849393,0.33037300177619894,0.4556451612903226,0.7448886869604725,0.46270783847980995,0.5169194865810969,0.5316629483439164,0.4036580178647384,0.290625,0.424812030075188,0.7047066408768536,0.41946597760551246,0.4534288638689867,0.5087027914614122,0.6243421052631579,0.38271604938271603,0.49130434782608695,0.7899301373163093,0.5158898305084746,0.6010854816824966,0.5567936736161035,0.2790753,0.20665073,0.27770174,0.36137274,0.27585843,0.264568,0.3170899
