acc,f1_macro,precise_macro,recall_macro,f1_weighted,precise_weighted,recall_weighted,f1_anger,f1_disgust,f1_fear,f1_joy,f1_sadness,f1_surprise,precise_anger,precise_disgust,precise_fear,precise_joy,precise_sadness,precise_surprise,recall_anger,recall_disgust,recall_fear,recall_joy,recall_sadness,recall_surprise,tr_anger,tr_disgust,tr_fear,tr_joy,tr_sadness,tr_surprise
0.44444445,0.3527230425422074,0.289981212545667,0.4898198245631311,0.5785932139063547,0.5071869854580858,0.6890886111501193,0.394572591587517,0.0,0.165680473372781,0.7133876600698486,0.3552915766738661,0.4874059535492313,0.2926731078904992,0.0,0.1004784688995215,0.6534442311793559,0.2848484848484848,0.4084429824561403,0.6053288925895087,0.0,0.4719101123595505,0.785439630863881,0.4720229555236729,0.6042173560421735,0.19772579,0.84409475,0.04131323,0.3561574,0.17464039,0.23198897
0.48183483,0.36309827495315644,0.3230115479032263,0.4194683548302954,0.5813466290535226,0.5242148375085316,0.657772784721247,0.39274546591619763,0.0,0.2185792349726776,0.7166331717697126,0.3652733118971061,0.48535846516324466,0.314471707561342,0.0,0.2127659574468085,0.6649846423870118,0.331002331002331,0.4148446490218642,0.5228975853455454,0.0,0.2247191011235955,0.7769802614714176,0.40746054519368724,0.5847526358475263,0.23344617,0.0015486713,0.1658759,0.36016726,0.22585878,0.25628215
